Model,Accuracy,AUC Score,Precision,Recall,F1 Score,MCC
Logistic Regression,0.5266666666666666,0.5456324497420387,0.5208333333333334,0.3424657534246575,0.4132231404958678,0.046892955955111004
Decision Tree,0.56,0.5629781177726383,0.5660377358490566,0.410958904109589,0.47619047619047616,0.11738125936085574
K-Nearest Neighbor,0.47333333333333333,0.45587973670165455,0.4423076923076923,0.3150684931506849,0.368,-0.06464792597689788
Naive Bayes,0.48,0.5290873510051592,0.45454545454545453,0.3424657534246575,0.390625,-0.04889854468772868
Random Forest,0.47333333333333333,0.462906956057641,0.44,0.3013698630136986,0.35772357723577236,-0.06602011090256173
XGBoost,0.4666666666666667,0.4760718733321473,0.43137254901960786,0.3013698630136986,0.3548387096774194,-0.07940189902018867
